B001,소년이 온다,한강,true
B002,채식주의자,한강,true
B003,작별하지 않는다,한강,true
B004,트렌드 코리아 2026,김난도,true
B005,세이노의 가르침,세이노,true
B006,불편한 편의점,김호연,true
B007,불편한 편의점 2,김호연,true
B008,달러구트 꿈 백화점,이미예,true
B009,달러구트 꿈 백화점 2,이미예,true
B010,모순,양귀자,true
B011,아몬드,손원평,true
B012,구의 증명,최진영,true
B013,파과,구병모,true
B014,역행자,자청,true
B015,돈의 속성,김승호,true
B016,부자 아빠 가난한 아빠,로버트 기요사키,true
B017,원씽(The One Thing),게리 켈러,true
B018,아주 작은 습관의 힘,제임스 클리어,true
B019,사피엔스,유발 하라리,true
B020,코스모스,칼 세이건,true
B021,이기적 유전자,리처드 도킨스,true
B022,총 균 쇠,재레드 다이아몬드,true
B023,정의란 무엇인가,마이클 샌델,true
B024,지적 대화를 위한 넓고 얕은 지식 1,채사장,true
B025,지적 대화를 위한 넓고 얕은 지식 2,채사장,true
B026,나미야 잡화점의 기적,히가시노 게이고,true
B027,용의자 X의 헌신,히가시노 게이고,true
B028,백야행,히가시노 게이고,true
B029,인간 실격,다자이 오사무,true
B030,노르웨이의 숲,무라카미 하루키,true
B031,해변의 카프카,무라카미 하루키,true
B032,데미안,헤르만 헤세,true
B033,수레바퀴 아래서,헤르만 헤세,true
B034,1984,조지 오웰,true
B035,동물농장,조지 오웰,true
B036,위대한 개츠비,F. 스콧 피츠제럴드,true
B037,노인과 바다,어니스트 헤밍웨이,true
B038,호밀밭의 파수꾼,J.D. 샐린저,true
B039,이방인,알베르 카뮈,true
B040,변신,프란츠 카프카,true
B041,참을 수 없는 존재의 가벼움,밀란 쿤데라,true
B042,백년의 고독,가브리엘 가르시아 마르케스,true
B043,자기만의 방,버지니아 울프,true
B044,고래,천명관,true
B045,살인자의 기억법,김영하,true
B046,여행의 이유,김영하,true
B047,작별인사,김영하,true
B048,종의 기원,정유정,true
B049,7년의 밤,정유정,true
B050,쇼코의 미소,최은영,true
B051,내게 무해한 사람,최은영,true
B052,우리가 빛의 속도로 갈 수 없다면,김초엽,true
B053,지구 끝의 온실,김초엽,true
B054,시선으로부터,정세랑,true
B055,지구에서 한아뿐,정세랑,true
B056,언어의 온도,이기주,true
B057,나는 나로 살기로 했다,김수현,true
B058,죽고 싶지만 떡볶이는 먹고 싶어,백세희,true
B059,미움받을 용기,기시미 이치로,true
B060,자존감 수업,윤홍균,true
B061,마흔에 읽는 쇼펜하우어,강용수,true
B062,도둑맞은 집중력,요한 하리,true
B063,팩트풀니스,한스 로슬링,true
B064,생각의 탄생,로버트 루트번스타인,true
B065,타이탄의 도구들,팀 페리스,true
B066,그릿(GRIT),앤절라 더크워스,true
B067,하버드 상위 1퍼센트의 비밀,정주영,true
B068,부의 추월차선,엠제이 드마코,true
B069,돈의 심리학,모건 하우절,true
B070,부자의 그릇,이즈미 마사토,true
B071,주식투자 무작정 따라하기,윤재수,true
B072,달러투자 무작정 따라하기,박성현,true
B073,침묵의 봄,레이첼 카슨,true
B074,떨림과 울림,김상욱,true
B075,하늘과 바람과 별과 인간,김상욱,true
B076,이기적 만찬,리처드 랭엄,true
B077,다정한 것이 살아남는다,브라이언 헤어,true
B078,엔트로피,제레미 리프킨,true
B079,클린 아키텍처,로버트 C. 마틴,true
B080,클린 코드,로버트 C. 마틴,true
B081,리팩터링,마틴 파울러,true
B082,실용주의 프로그래머,데이비드 토머스,true
B083,모던 자바 인 액션,라우울-가브리엘 우르마,true
B084,이펙티브 자바,조슈아 블로크,true
B085,토비의 스프링,이일민,true
B086,코스모스 오디세이,닐 타이슨,true
B087,프로젝트 헤일메리,앤디 위어,true
B088,마션,앤디 위어,true
B089,듄 1,프랭크 허버트,true
B090,삼체 1,류츠신,true
B091,눈먼 자들의 도시,주제 사라마구,true
B092,베니스의 상인,윌리엄 셰익스피어,true
B093,오만과 편견,제인 오스틴,true
B094,제인 에어,샬럿 브론테,true
B095,폭풍의 언덕,에밀리 브론테,true
B096,안나 카레니나,레프 톨스토이,true
B097,죄와 벌,표도르 도스토옙스키,true
B098,카라마조프 가의 형제들,표도르 도스토옙스키,true
B099,레 미제라블,빅토르 위고,true
B100,모모,미하엘 엔데,true